중업종,사망자수,비율(%)
건설업,361,41.4
육상및수상운수업,141,16.2
기계기구·금속·비금속광물제품제조업,90,10.3
시설관리및사업지원서비스업,64,7.3
철도·항공·창고·운수관련서비스업,35,4.0
전문·보건·교육·여가관련서비스업,30,3.4
도소매·음식·숙박업,28,3.2
화학및고무제품제조업,21,2.4
임업,18,2.1
식료품제조업,12,1.4
국가및지방자치단체의사업,11,1.3
선박건조및수리업,10,1.1
목재및종이제품제조업,8,0.9
섬유및섬유제품제조업,8,0.9
전기기계기구·정밀기구·전자제품제조업,6,0.7
기타의각종사업,6,0.7
수제품및기타제품제조업,6,0.7
농업,5,0.6
석회석·금속·비금속광업및기타광업,4,0.5
석탄광업및채석업,2,0.2
전기·가스·증기·수도사업,2,0.2
출판·인쇄·제본업,2,0.2
금속제련업,1,0.1
해외파견자,1,0.1
통신업,0,0.0
금융및보험업,0,0.0
주한미군,0,0.0
의약품·화장품·연탄·석유제품제조업,0,0.0
부동산업및임대업,0,0.0
어업,0,0.0
