대업종,중업종,규모,총계,떨어짐,넘어짐,부딪힘,맞음,무너짐,끼임,절단베임찔림,감전,폭발파열,화재,깔림뒤집힘,이상온도물체접촉,빠짐익사,불균형및무리한동작,화학물질누출접촉,산소결핍,사업장내교통사고,사업장외교통사고,업무상질병,체육행사,폭력행위,동물상해,기타,분류불능
금융및보험업,금융및보험업,5인 미만,5,0,0,0,0,0,0,0,0,0,0,0,0,0,0,0,0,0,0,5,0,0,0,0,0
금융및보험업,금융및보험업,5인 ~ 9인,4,0,0,0,0,0,0,0,0,0,0,0,0,0,0,0,0,0,0,4,0,0,0,0,0
금융및보험업,금융및보험업,10인 ~ 19인,4,0,0,0,0,0,0,0,0,0,0,0,0,0,0,0,0,0,0,4,0,0,0,0,0
금융및보험업,금융및보험업,20인 ~ 29인,3,0,0,0,0,0,0,0,0,0,0,0,0,0,0,0,0,0,0,3,0,0,0,0,0
금융및보험업,금융및보험업,30인 ~ 49인,0,0,0,0,0,0,0,0,0,0,0,0,0,0,0,0,0,0,0,0,0,0,0,0,0
금융및보험업,금융및보험업,50인 ~ 99인,1,0,0,0,0,0,0,0,0,0,0,0,0,0,0,0,0,0,0,1,0,0,0,0,0
금융및보험업,금융및보험업,100인 ~ 299인,1,0,0,0,0,0,0,0,0,0,0,0,0,0,0,0,0,0,0,1,0,0,0,0,0
금융및보험업,금융및보험업,300인 ~ 499인,1,0,0,0,0,0,0,0,0,0,0,0,0,0,0,0,0,0,0,1,0,0,0,0,0
금융및보험업,금융및보험업,500인 ~ 999인,0,0,0,0,0,0,0,0,0,0,0,0,0,0,0,0,0,0,0,0,0,0,0,0,0
금융및보험업,금융및보험업,"1,000인 이상",2,0,0,0,0,0,0,0,0,0,0,0,0,0,0,0,0,0,0,2,0,0,0,0,0
광  업,석탄광업및채석업,5인 미만,12,0,0,0,0,0,0,0,0,0,0,0,0,0,0,0,0,0,0,12,0,0,0,0,0
광  업,석탄광업및채석업,5인 ~ 9인,10,0,0,0,0,0,0,0,0,0,0,0,0,0,0,0,0,0,0,10,0,0,0,0,0
광  업,석탄광업및채석업,10인 ~ 19인,9,0,0,0,0,0,0,0,0,0,0,1,0,0,0,0,0,0,0,8,0,0,0,0,0
광  업,석탄광업및채석업,20인 ~ 29인,11,0,0,0,0,0,0,0,0,0,0,0,0,0,0,0,0,0,0,11,0,0,0,0,0
광  업,석탄광업및채석업,30인 ~ 49인,20,0,0,0,0,0,0,0,0,0,0,0,0,0,0,0,0,0,0,20,0,0,0,0,0
광  업,석탄광업및채석업,50인 ~ 99인,45,0,0,0,0,0,0,0,0,0,0,0,0,0,0,0,0,0,0,45,0,0,0,0,0
광  업,석탄광업및채석업,100인 ~ 299인,112,0,0,0,0,0,0,0,0,0,0,0,0,0,0,0,0,0,0,112,0,0,0,0,0
광  업,석탄광업및채석업,300인 ~ 499인,29,0,0,0,0,0,0,0,0,0,0,0,0,0,0,0,0,0,0,29,0,0,0,0,0
광  업,석탄광업및채석업,500인 ~ 999인,113,0,0,0,0,1,0,0,0,0,0,0,0,0,0,0,0,0,0,112,0,0,0,0,0
광  업,석탄광업및채석업,"1,000인 이상",16,0,0,0,0,0,0,0,0,0,0,0,0,0,0,0,0,0,0,16,0,0,0,0,0
광  업,석회석·금속·비금속광업및기타광업,5인 미만,10,0,0,0,0,0,0,0,0,0,0,0,0,0,0,0,0,0,0,10,0,0,0,0,0
광  업,석회석·금속·비금속광업및기타광업,5인 ~ 9인,4,0,0,0,0,1,0,0,0,0,0,0,0,0,0,0,0,0,0,3,0,0,0,0,0
광  업,석회석·금속·비금속광업및기타광업,10인 ~ 19인,2,0,0,0,0,0,0,0,0,0,0,0,0,0,0,0,0,0,0,2,0,0,0,0,0
광  업,석회석·금속·비금속광업및기타광업,20인 ~ 29인,2,0,0,0,0,0,0,0,0,0,0,1,0,0,0,0,0,0,0,1,0,0,0,0,0
광  업,석회석·금속·비금속광업및기타광업,30인 ~ 49인,2,0,0,0,0,0,0,0,0,0,0,0,0,1,0,0,0,0,0,1,0,0,0,0,0
광  업,석회석·금속·비금속광업및기타광업,50인 ~ 99인,6,0,0,0,0,0,1,0,0,0,0,0,0,0,0,0,0,0,0,5,0,0,0,0,0
광  업,석회석·금속·비금속광업및기타광업,100인 ~ 299인,3,0,0,0,0,0,0,0,0,0,0,0,0,0,0,0,0,0,0,3,0,0,0,0,0
광  업,석회석·금속·비금속광업및기타광업,300인 ~ 499인,2,0,0,0,0,0,0,0,0,0,0,0,0,0,0,0,0,0,0,2,0,0,0,0,0
광  업,석회석·금속·비금속광업및기타광업,500인 ~ 999인,0,0,0,0,0,0,0,0,0,0,0,0,0,0,0,0,0,0,0,0,0,0,0,0,0
광  업,석회석·금속·비금속광업및기타광업,"1,000인 이상",0,0,0,0,0,0,0,0,0,0,0,0,0,0,0,0,0,0,0,0,0,0,0,0,0
제조업,식료품제조업,5인 미만,8,2,1,0,0,0,0,0,0,0,0,1,0,0,0,0,0,0,0,3,0,0,1,0,0
제조업,식료품제조업,5인 ~ 9인,2,0,0,0,0,0,2,0,0,0,0,0,0,0,0,0,0,0,0,0,0,0,0,0,0
제조업,식료품제조업,10인 ~ 19인,2,0,0,0,0,0,0,0,0,0,0,0,0,0,0,1,0,0,0,1,0,0,0,0,0
제조업,식료품제조업,20인 ~ 29인,1,0,0,0,0,0,0,0,0,0,0,0,0,0,0,0,0,0,0,1,0,0,0,0,0
제조업,식료품제조업,30인 ~ 49인,3,0,0,0,0,0,1,0,0,0,0,0,0,0,0,0,0,0,0,1,0,0,1,0,0
제조업,식료품제조업,50인 ~ 99인,1,0,1,0,0,0,0,0,0,0,0,0,0,0,0,0,0,0,0,0,0,0,0,0,0
제조업,식료품제조업,100인 ~ 299인,3,0,0,0,0,0,0,0,0,0,0,0,0,0,0,0,0,0,0,3,0,0,0,0,0
제조업,식료품제조업,300인 ~ 499인,0,0,0,0,0,0,0,0,0,0,0,0,0,0,0,0,0,0,0,0,0,0,0,0,0
제조업,식료품제조업,500인 ~ 999인,0,0,0,0,0,0,0,0,0,0,0,0,0,0,0,0,0,0,0,0,0,0,0,0,0
제조업,식료품제조업,"1,000인 이상",2,0,0,0,0,0,1,0,0,0,0,0,0,0,0,0,0,0,0,1,0,0,0,0,0
제조업,섬유및섬유제품제조업,5인 미만,6,1,0,0,1,0,0,0,0,0,0,0,0,0,0,0,0,0,0,4,0,0,0,0,0
제조업,섬유및섬유제품제조업,5인 ~ 9인,3,1,0,0,0,0,0,0,0,0,0,1,0,0,0,0,0,0,0,1,0,0,0,0,0
제조업,섬유및섬유제품제조업,10인 ~ 19인,4,0,0,0,0,0,3,0,0,0,0,0,0,0,0,0,0,0,0,1,0,0,0,0,0
제조업,섬유및섬유제품제조업,20인 ~ 29인,3,1,0,0,0,0,0,0,0,0,0,0,0,0,0,0,0,0,0,2,0,0,0,0,0
제조업,섬유및섬유제품제조업,30인 ~ 49인,1,0,0,0,0,0,0,0,0,0,0,0,0,0,0,0,0,0,0,1,0,0,0,0,0
제조업,섬유및섬유제품제조업,50인 ~ 99인,0,0,0,0,0,0,0,0,0,0,0,0,0,0,0,0,0,0,0,0,0,0,0,0,0
제조업,섬유및섬유제품제조업,100인 ~ 299인,1,0,0,0,0,0,0,0,0,0,0,0,0,0,0,0,0,0,0,1,0,0,0,0,0
제조업,섬유및섬유제품제조업,300인 ~ 499인,0,0,0,0,0,0,0,0,0,0,0,0,0,0,0,0,0,0,0,0,0,0,0,0,0
제조업,섬유및섬유제품제조업,500인 ~ 999인,0,0,0,0,0,0,0,0,0,0,0,0,0,0,0,0,0,0,0,0,0,0,0,0,0
제조업,섬유및섬유제품제조업,"1,000인 이상",7,0,0,0,0,0,0,0,0,0,0,0,0,0,0,0,0,0,0,7,0,0,0,0,0
제조업,목재및종이제품제조업,5인 미만,2,1,0,0,1,0,0,0,0,0,0,0,0,0,0,0,0,0,0,0,0,0,0,0,0
제조업,목재및종이제품제조업,5인 ~ 9인,3,0,0,1,0,0,0,0,0,0,0,0,0,0,0,0,0,0,0,2,0,0,0,0,0
제조업,목재및종이제품제조업,10인 ~ 19인,4,0,0,0,0,0,0,0,0,0,0,0,0,0,0,0,0,0,0,4,0,0,0,0,0
제조업,목재및종이제품제조업,20인 ~ 29인,1,1,0,0,0,0,0,0,0,0,0,0,0,0,0,0,0,0,0,0,0,0,0,0,0
제조업,목재및종이제품제조업,30인 ~ 49인,2,1,0,0,0,0,0,0,0,0,0,0,0,0,0,0,0,0,0,1,0,0,0,0,0
제조업,목재및종이제품제조업,50인 ~ 99인,1,0,0,0,0,0,0,0,0,0,0,0,0,0,0,0,0,0,0,1,0,0,0,0,0
제조업,목재및종이제품제조업,100인 ~ 299인,4,1,0,0,0,0,0,0,0,0,0,0,0,0,0,2,0,0,0,1,0,0,0,0,0
제조업,목재및종이제품제조업,300인 ~ 499인,0,0,0,0,0,0,0,0,0,0,0,0,0,0,0,0,0,0,0,0,0,0,0,0,0
제조업,목재및종이제품제조업,500인 ~ 999인,0,0,0,0,0,0,0,0,0,0,0,0,0,0,0,0,0,0,0,0,0,0,0,0,0
제조업,목재및종이제품제조업,"1,000인 이상",0,0,0,0,0,0,0,0,0,0,0,0,0,0,0,0,0,0,0,0,0,0,0,0,0
제조업,출판·인쇄·제본업,5인 미만,2,1,0,0,0,0,0,0,0,0,0,0,1,0,0,0,0,0,0,0,0,0,0,0,0
제조업,출판·인쇄·제본업,5인 ~ 9인,0,0,0,0,0,0,0,0,0,0,0,0,0,0,0,0,0,0,0,0,0,0,0,0,0
제조업,출판·인쇄·제본업,10인 ~ 19인,0,0,0,0,0,0,0,0,0,0,0,0,0,0,0,0,0,0,0,0,0,0,0,0,0
제조업,출판·인쇄·제본업,20인 ~ 29인,0,0,0,0,0,0,0,0,0,0,0,0,0,0,0,0,0,0,0,0,0,0,0,0,0
제조업,출판·인쇄·제본업,30인 ~ 49인,1,0,0,0,0,0,0,0,0,0,0,0,0,0,0,0,0,0,0,1,0,0,0,0,0
제조업,출판·인쇄·제본업,50인 ~ 99인,0,0,0,0,0,0,0,0,0,0,0,0,0,0,0,0,0,0,0,0,0,0,0,0,0
제조업,출판·인쇄·제본업,100인 ~ 299인,1,0,0,0,0,0,0,0,0,0,0,0,0,0,0,0,0,0,0,1,0,0,0,0,0
제조업,출판·인쇄·제본업,300인 ~ 499인,0,0,0,0,0,0,0,0,0,0,0,0,0,0,0,0,0,0,0,0,0,0,0,0,0
제조업,출판·인쇄·제본업,500인 ~ 999인,0,0,0,0,0,0,0,0,0,0,0,0,0,0,0,0,0,0,0,0,0,0,0,0,0
제조업,출판·인쇄·제본업,"1,000인 이상",0,0,0,0,0,0,0,0,0,0,0,0,0,0,0,0,0,0,0,0,0,0,0,0,0
제조업,화학및고무제품제조업,5인 미만,7,2,0,0,1,0,1,0,0,0,0,0,0,0,0,0,0,0,0,3,0,0,0,0,0
제조업,화학및고무제품제조업,5인 ~ 9인,1,0,0,0,0,0,1,0,0,0,0,0,0,0,0,0,0,0,0,0,0,0,0,0,0
제조업,화학및고무제품제조업,10인 ~ 19인,13,1,0,1,1,0,1,0,1,0,0,3,0,0,0,1,0,0,0,4,0,0,0,0,0
제조업,화학및고무제품제조업,20인 ~ 29인,6,1,0,0,0,0,0,0,0,0,0,0,0,0,0,0,0,0,0,5,0,0,0,0,0
제조업,화학및고무제품제조업,30인 ~ 49인,5,0,0,0,1,0,0,0,0,1,0,0,0,0,0,0,0,0,0,3,0,0,0,0,0
제조업,화학및고무제품제조업,50인 ~ 99인,4,0,0,0,0,0,1,0,0,1,1,0,0,0,0,0,0,0,0,1,0,0,0,0,0
제조업,화학및고무제품제조업,100인 ~ 299인,5,1,0,0,0,0,0,0,0,0,0,0,0,0,0,0,0,0,0,4,0,0,0,0,0
제조업,화학및고무제품제조업,300인 ~ 499인,2,0,0,0,0,0,0,0,0,0,0,0,0,0,0,0,0,0,0,2,0,0,0,0,0
제조업,화학및고무제품제조업,500인 ~ 999인,0,0,0,0,0,0,0,0,0,0,0,0,0,0,0,0,0,0,0,0,0,0,0,0,0
제조업,화학및고무제품제조업,"1,000인 이상",4,0,0,0,0,0,0,0,0,0,0,0,0,0,0,0,0,0,0,4,0,0,0,0,0
제조업,의약품·화장품·연탄·석유제품제조업,5인 미만,3,0,0,0,0,0,0,0,0,0,0,0,0,0,0,0,0,0,0,3,0,0,0,0,0
제조업,의약품·화장품·연탄·석유제품제조업,5인 ~ 9인,4,0,0,0,0,0,0,0,0,0,0,0,0,0,0,0,0,0,0,4,0,0,0,0,0
제조업,의약품·화장품·연탄·석유제품제조업,10인 ~ 19인,1,0,0,0,0,0,0,0,0,0,0,0,0,0,0,0,0,0,0,1,0,0,0,0,0
제조업,의약품·화장품·연탄·석유제품제조업,20인 ~ 29인,0,0,0,0,0,0,0,0,0,0,0,0,0,0,0,0,0,0,0,0,0,0,0,0,0
제조업,의약품·화장품·연탄·석유제품제조업,30인 ~ 49인,0,0,0,0,0,0,0,0,0,0,0,0,0,0,0,0,0,0,0,0,0,0,0,0,0
제조업,의약품·화장품·연탄·석유제품제조업,50인 ~ 99인,0,0,0,0,0,0,0,0,0,0,0,0,0,0,0,0,0,0,0,0,0,0,0,0,0
제조업,의약품·화장품·연탄·석유제품제조업,100인 ~ 299인,1,0,0,0,0,0,0,0,0,0,0,0,0,0,0,0,0,0,0,1,0,0,0,0,0
제조업,의약품·화장품·연탄·석유제품제조업,300인 ~ 499인,0,0,0,0,0,0,0,0,0,0,0,0,0,0,0,0,0,0,0,0,0,0,0,0,0
제조업,의약품·화장품·연탄·석유제품제조업,500인 ~ 999인,0,0,0,0,0,0,0,0,0,0,0,0,0,0,0,0,0,0,0,0,0,0,0,0,0
제조업,의약품·화장품·연탄·석유제품제조업,"1,000인 이상",0,0,0,0,0,0,0,0,0,0,0,0,0,0,0,0,0,0,0,0,0,0,0,0,0
제조업,기계기구·금속·비금속광물제품제조업,5인 미만,80,3,1,1,4,0,8,0,0,3,1,2,0,0,0,0,0,0,0,57,0,0,0,0,0
제조업,기계기구·금속·비금속광물제품제조업,5인 ~ 9인,38,3,0,1,0,0,1,0,0,0,0,3,0,0,0,0,0,0,0,30,0,0,0,0,0
제조업,기계기구·금속·비금속광물제품제조업,10인 ~ 19인,41,3,0,1,1,0,3,0,1,0,0,3,0,0,0,4,0,0,0,25,0,0,0,0,0
제조업,기계기구·금속·비금속광물제품제조업,20인 ~ 29인,31,1,1,1,2,2,1,0,0,1,0,0,0,0,0,0,0,0,0,22,0,0,0,0,0
제조업,기계기구·금속·비금속광물제품제조업,30인 ~ 49인,34,1,1,2,1,1,4,0,0,0,0,1,0,0,0,0,0,0,0,23,0,0,0,0,0
제조업,기계기구·금속·비금속광물제품제조업,50인 ~ 99인,30,0,0,2,0,1,3,0,0,0,1,1,0,0,0,0,0,0,0,22,0,0,0,0,0
제조업,기계기구·금속·비금속광물제품제조업,100인 ~ 299인,24,2,0,1,0,0,5,0,1,0,0,0,1,0,0,0,0,0,0,14,0,0,0,0,0
제조업,기계기구·금속·비금속광물제품제조업,300인 ~ 499인,9,0,0,1,0,0,1,0,0,0,0,0,0,0,0,0,0,0,0,7,0,0,0,0,0
제조업,기계기구·금속·비금속광물제품제조업,500인 ~ 999인,2,0,0,0,0,0,1,0,0,0,0,0,0,0,0,0,0,0,0,1,0,0,0,0,0
제조업,기계기구·금속·비금속광물제품제조업,"1,000인 이상",10,1,0,0,0,0,1,0,0,0,0,0,0,0,0,0,0,0,0,8,0,0,0,0,0
제조업,금속제련업,5인 미만,0,0,0,0,0,0,0,0,0,0,0,0,0,0,0,0,0,0,0,0,0,0,0,0,0
제조업,금속제련업,5인 ~ 9인,0,0,0,0,0,0,0,0,0,0,0,0,0,0,0,0,0,0,0,0,0,0,0,0,0
제조업,금속제련업,10인 ~ 19인,0,0,0,0,0,0,0,0,0,0,0,0,0,0,0,0,0,0,0,0,0,0,0,0,0
제조업,금속제련업,20인 ~ 29인,0,0,0,0,0,0,0,0,0,0,0,0,0,0,0,0,0,0,0,0,0,0,0,0,0
제조업,금속제련업,30인 ~ 49인,0,0,0,0,0,0,0,0,0,0,0,0,0,0,0,0,0,0,0,0,0,0,0,0,0
제조업,금속제련업,50인 ~ 99인,1,0,0,0,0,0,0,0,0,0,0,0,0,0,0,0,0,0,0,1,0,0,0,0,0
제조업,금속제련업,100인 ~ 299인,5,0,0,0,0,0,0,0,0,0,0,0,0,0,0,0,0,0,0,5,0,0,0,0,0
제조업,금속제련업,300인 ~ 499인,0,0,0,0,0,0,0,0,0,0,0,0,0,0,0,0,0,0,0,0,0,0,0,0,0
제조업,금속제련업,500인 ~ 999인,1,0,0,0,0,0,0,0,0,0,0,0,0,0,0,0,0,0,0,1,0,0,0,0,0
제조업,금속제련업,"1,000인 이상",2,0,0,0,0,0,0,0,0,0,0,0,0,0,0,1,0,0,0,1,0,0,0,0,0
제조업,전기기계기구·정밀기구·전자제품제조업,5인 미만,6,0,0,0,0,0,0,0,0,0,0,0,0,0,0,0,0,0,0,6,0,0,0,0,0
제조업,전기기계기구·정밀기구·전자제품제조업,5인 ~ 9인,2,0,0,0,0,0,0,0,1,0,0,1,0,0,0,0,0,0,0,0,0,0,0,0,0
제조업,전기기계기구·정밀기구·전자제품제조업,10인 ~ 19인,2,1,0,0,0,0,0,0,0,0,0,0,0,0,0,0,0,0,0,1,0,0,0,0,0
제조업,전기기계기구·정밀기구·전자제품제조업,20인 ~ 29인,0,0,0,0,0,0,0,0,0,0,0,0,0,0,0,0,0,0,0,0,0,0,0,0,0
제조업,전기기계기구·정밀기구·전자제품제조업,30인 ~ 49인,2,0,0,0,0,0,0,0,0,0,0,0,0,0,0,1,0,0,0,1,0,0,0,0,0
제조업,전기기계기구·정밀기구·전자제품제조업,50인 ~ 99인,1,0,0,0,0,0,0,0,0,0,0,0,0,0,0,0,0,0,0,1,0,0,0,0,0
제조업,전기기계기구·정밀기구·전자제품제조업,100인 ~ 299인,4,0,1,0,0,0,0,0,0,0,0,0,0,0,0,0,0,0,0,3,0,0,0,0,0
제조업,전기기계기구·정밀기구·전자제품제조업,300인 ~ 499인,3,0,0,0,0,0,0,0,0,0,0,0,0,0,0,0,0,0,0,3,0,0,0,0,0
제조업,전기기계기구·정밀기구·전자제품제조업,500인 ~ 999인,1,0,0,0,0,0,0,0,0,0,0,0,0,0,0,0,0,0,0,1,0,0,0,0,0
제조업,전기기계기구·정밀기구·전자제품제조업,"1,000인 이상",8,0,0,0,0,0,1,0,0,0,0,0,0,0,0,0,0,0,0,7,0,0,0,0,0
제조업,선박건조및수리업,5인 미만,12,0,0,0,2,0,2,0,0,0,0,0,0,0,0,0,0,0,0,8,0,0,0,0,0
제조업,선박건조및수리업,5인 ~ 9인,2,0,0,0,0,0,0,0,0,0,0,0,0,0,0,0,0,0,0,2,0,0,0,0,0
제조업,선박건조및수리업,10인 ~ 19인,2,0,0,1,0,0,0,0,0,0,0,0,0,0,0,0,0,0,0,1,0,0,0,0,0
제조업,선박건조및수리업,20인 ~ 29인,6,0,0,1,1,0,0,0,0,0,0,0,0,0,0,0,0,0,0,4,0,0,0,0,0
제조업,선박건조및수리업,30인 ~ 49인,5,0,0,0,0,0,0,0,0,0,0,0,0,0,0,0,0,0,0,5,0,0,0,0,0
제조업,선박건조및수리업,50인 ~ 99인,6,0,0,0,0,0,0,0,0,0,0,0,0,0,0,0,0,0,0,6,0,0,0,0,0
제조업,선박건조및수리업,100인 ~ 299인,4,0,0,0,0,0,0,0,0,0,0,0,1,0,0,0,0,0,0,3,0,0,0,0,0
제조업,선박건조및수리업,300인 ~ 499인,0,0,0,0,0,0,0,0,0,0,0,0,0,0,0,0,0,0,0,0,0,0,0,0,0
제조업,선박건조및수리업,500인 ~ 999인,0,0,0,0,0,0,0,0,0,0,0,0,0,0,0,0,0,0,0,0,0,0,0,0,0
제조업,선박건조및수리업,"1,000인 이상",25,1,0,0,0,0,0,0,0,0,0,0,0,0,0,0,0,1,0,23,0,0,0,0,0
제조업,수제품및기타제품제조업,5인 미만,7,0,0,0,0,0,1,0,0,0,1,1,0,0,0,0,0,0,0,4,0,0,0,0,0
제조업,수제품및기타제품제조업,5인 ~ 9인,0,0,0,0,0,0,0,0,0,0,0,0,0,0,0,0,0,0,0,0,0,0,0,0,0
제조업,수제품및기타제품제조업,10인 ~ 19인,4,0,0,0,0,0,1,0,0,0,0,1,0,0,0,0,0,0,0,2,0,0,0,0,0
제조업,수제품및기타제품제조업,20인 ~ 29인,1,0,0,0,0,0,0,0,0,0,0,0,0,0,0,0,0,0,0,1,0,0,0,0,0
제조업,수제품및기타제품제조업,30인 ~ 49인,0,0,0,0,0,0,0,0,0,0,0,0,0,0,0,0,0,0,0,0,0,0,0,0,0
제조업,수제품및기타제품제조업,50인 ~ 99인,1,0,0,0,0,0,0,0,0,1,0,0,0,0,0,0,0,0,0,0,0,0,0,0,0
제조업,수제품및기타제품제조업,100인 ~ 299인,2,0,0,0,0,0,0,0,0,0,0,0,0,0,0,0,0,0,0,2,0,0,0,0,0
제조업,수제품및기타제품제조업,300인 ~ 499인,0,0,0,0,0,0,0,0,0,0,0,0,0,0,0,0,0,0,0,0,0,0,0,0,0
제조업,수제품및기타제품제조업,500인 ~ 999인,0,0,0,0,0,0,0,0,0,0,0,0,0,0,0,0,0,0,0,0,0,0,0,0,0
제조업,수제품및기타제품제조업,"1,000인 이상",0,0,0,0,0,0,0,0,0,0,0,0,0,0,0,0,0,0,0,0,0,0,0,0,0
전기·가스·증기·수도사업,전기·가스·증기·수도사업,5인 미만,0,0,0,0,0,0,0,0,0,0,0,0,0,0,0,0,0,0,0,0,0,0,0,0,0
전기·가스·증기·수도사업,전기·가스·증기·수도사업,5인 ~ 9인,0,0,0,0,0,0,0,0,0,0,0,0,0,0,0,0,0,0,0,0,0,0,0,0,0
전기·가스·증기·수도사업,전기·가스·증기·수도사업,10인 ~ 19인,0,0,0,0,0,0,0,0,0,0,0,0,0,0,0,0,0,0,0,0,0,0,0,0,0
전기·가스·증기·수도사업,전기·가스·증기·수도사업,20인 ~ 29인,0,0,0,0,0,0,0,0,0,0,0,0,0,0,0,0,0,0,0,0,0,0,0,0,0
전기·가스·증기·수도사업,전기·가스·증기·수도사업,30인 ~ 49인,1,0,0,0,0,0,0,0,0,0,0,0,0,0,0,0,0,0,0,1,0,0,0,0,0
전기·가스·증기·수도사업,전기·가스·증기·수도사업,50인 ~ 99인,2,1,0,0,0,0,0,0,0,0,0,0,0,1,0,0,0,0,0,0,0,0,0,0,0
전기·가스·증기·수도사업,전기·가스·증기·수도사업,100인 ~ 299인,1,0,0,0,0,0,0,0,0,0,0,0,0,0,0,0,0,0,0,1,0,0,0,0,0
전기·가스·증기·수도사업,전기·가스·증기·수도사업,300인 ~ 499인,0,0,0,0,0,0,0,0,0,0,0,0,0,0,0,0,0,0,0,0,0,0,0,0,0
전기·가스·증기·수도사업,전기·가스·증기·수도사업,500인 ~ 999인,0,0,0,0,0,0,0,0,0,0,0,0,0,0,0,0,0,0,0,0,0,0,0,0,0
전기·가스·증기·수도사업,전기·가스·증기·수도사업,"1,000인 이상",0,0,0,0,0,0,0,0,0,0,0,0,0,0,0,0,0,0,0,0,0,0,0,0,0
건설업,건설업,5인 미만,212,80,5,13,10,8,3,1,3,4,1,16,1,2,0,2,1,0,0,59,0,0,3,0,0
건설업,건설업,5인 ~ 9인,74,25,1,5,2,2,2,0,1,1,0,4,0,1,0,0,1,0,0,29,0,0,0,0,0
건설업,건설업,10인 ~ 19인,79,28,1,9,1,3,1,0,1,0,0,3,0,1,0,0,0,0,0,31,0,0,0,0,0
건설업,건설업,20인 ~ 29인,28,6,0,1,1,1,1,0,0,1,0,1,0,1,0,0,2,0,0,13,0,0,0,0,0
건설업,건설업,30인 ~ 49인,34,16,0,2,4,1,0,1,0,0,0,0,0,0,0,0,0,0,0,10,0,0,0,0,0
건설업,건설업,50인 ~ 99인,24,4,0,1,3,1,0,0,0,0,0,0,0,1,0,0,0,0,0,14,0,0,0,0,0
건설업,건설업,100인 ~ 299인,76,16,2,5,7,11,1,0,0,0,4,0,0,0,0,0,0,0,0,30,0,0,0,0,0
건설업,건설업,300인 ~ 499인,14,2,0,1,2,1,0,1,0,0,0,0,0,0,0,0,0,0,0,7,0,0,0,0,0
건설업,건설업,500인 ~ 999인,16,4,0,0,0,1,0,1,0,0,0,0,0,0,0,0,0,0,0,10,0,0,0,0,0
건설업,건설업,"1,000인 이상",12,4,0,0,2,0,0,0,1,0,0,0,0,0,0,0,0,0,0,5,0,0,0,0,0
운수·창고·통신업,철도·항공·창고·운수관련서비스업,5인 미만,13,3,0,1,2,0,0,0,0,0,0,0,0,0,0,0,0,0,4,3,0,0,0,0,0
운수·창고·통신업,철도·항공·창고·운수관련서비스업,5인 ~ 9인,4,1,0,0,0,1,0,0,0,0,0,0,0,0,0,0,0,0,2,0,0,0,0,0,0
운수·창고·통신업,철도·항공·창고·운수관련서비스업,10인 ~ 19인,4,1,1,1,0,0,0,0,0,0,0,0,0,0,0,0,0,0,0,1,0,0,0,0,0
운수·창고·통신업,철도·항공·창고·운수관련서비스업,20인 ~ 29인,3,0,0,0,0,0,0,0,0,0,0,0,0,0,0,0,0,0,1,2,0,0,0,0,0
운수·창고·통신업,철도·항공·창고·운수관련서비스업,30인 ~ 49인,10,1,0,2,0,1,0,0,0,0,0,0,0,0,0,0,0,0,3,3,0,0,0,0,0
운수·창고·통신업,철도·항공·창고·운수관련서비스업,50인 ~ 99인,4,0,0,0,0,0,0,0,0,0,0,0,0,0,0,0,0,0,2,2,0,0,0,0,0
운수·창고·통신업,철도·항공·창고·운수관련서비스업,100인 ~ 299인,4,0,0,1,0,0,1,0,0,0,0,0,0,0,0,0,0,0,0,2,0,0,0,0,0
운수·창고·통신업,철도·항공·창고·운수관련서비스업,300인 ~ 499인,0,0,0,0,0,0,0,0,0,0,0,0,0,0,0,0,0,0,0,0,0,0,0,0,0
운수·창고·통신업,철도·항공·창고·운수관련서비스업,500인 ~ 999인,7,0,0,0,0,0,0,0,0,0,0,0,0,0,0,0,0,0,5,2,0,0,0,0,0
운수·창고·통신업,철도·항공·창고·운수관련서비스업,"1,000인 이상",7,0,0,0,0,0,0,0,0,0,0,0,0,0,0,0,0,1,0,6,0,0,0,0,0
운수·창고·통신업,육상및수상운수업,5인 미만,95,12,2,3,4,0,0,0,0,0,0,2,0,0,0,0,0,0,55,17,0,0,0,0,0
운수·창고·통신업,육상및수상운수업,5인 ~ 9인,10,0,1,0,0,0,0,0,0,0,0,0,0,0,0,0,0,0,6,3,0,0,0,0,0
운수·창고·통신업,육상및수상운수업,10인 ~ 19인,12,3,0,0,0,0,0,0,0,0,0,1,0,0,0,0,0,0,5,3,0,0,0,0,0
운수·창고·통신업,육상및수상운수업,20인 ~ 29인,14,0,0,1,0,0,0,0,0,0,0,0,0,0,0,0,0,0,6,7,0,0,0,0,0
운수·창고·통신업,육상및수상운수업,30인 ~ 49인,11,0,1,0,0,0,0,0,0,0,0,0,0,0,0,0,0,0,3,7,0,0,0,0,0
운수·창고·통신업,육상및수상운수업,50인 ~ 99인,21,2,0,0,0,0,1,0,0,0,0,0,0,0,0,0,0,0,6,12,0,0,0,0,0
운수·창고·통신업,육상및수상운수업,100인 ~ 299인,18,0,0,1,0,0,0,0,0,0,0,1,0,0,0,0,0,0,4,12,0,0,0,0,0
운수·창고·통신업,육상및수상운수업,300인 ~ 499인,5,0,0,1,0,0,0,0,0,0,0,0,0,0,0,0,0,0,1,3,0,0,0,0,0
운수·창고·통신업,육상및수상운수업,500인 ~ 999인,4,0,0,1,0,0,0,0,0,0,0,0,0,0,0,0,0,0,2,1,0,0,0,0,0
운수·창고·통신업,육상및수상운수업,"1,000인 이상",17,0,0,0,0,0,0,0,0,0,0,0,0,0,0,0,0,0,16,1,0,0,0,0,0
운수·창고·통신업,통신업,5인 미만,0,0,0,0,0,0,0,0,0,0,0,0,0,0,0,0,0,0,0,0,0,0,0,0,0
운수·창고·통신업,통신업,5인 ~ 9인,0,0,0,0,0,0,0,0,0,0,0,0,0,0,0,0,0,0,0,0,0,0,0,0,0
운수·창고·통신업,통신업,10인 ~ 19인,0,0,0,0,0,0,0,0,0,0,0,0,0,0,0,0,0,0,0,0,0,0,0,0,0
운수·창고·통신업,통신업,20인 ~ 29인,0,0,0,0,0,0,0,0,0,0,0,0,0,0,0,0,0,0,0,0,0,0,0,0,0
운수·창고·통신업,통신업,30인 ~ 49인,0,0,0,0,0,0,0,0,0,0,0,0,0,0,0,0,0,0,0,0,0,0,0,0,0
운수·창고·통신업,통신업,50인 ~ 99인,0,0,0,0,0,0,0,0,0,0,0,0,0,0,0,0,0,0,0,0,0,0,0,0,0
운수·창고·통신업,통신업,100인 ~ 299인,0,0,0,0,0,0,0,0,0,0,0,0,0,0,0,0,0,0,0,0,0,0,0,0,0
운수·창고·통신업,통신업,300인 ~ 499인,0,0,0,0,0,0,0,0,0,0,0,0,0,0,0,0,0,0,0,0,0,0,0,0,0
운수·창고·통신업,통신업,500인 ~ 999인,1,0,0,0,0,0,0,0,0,0,0,0,0,0,0,0,0,0,0,1,0,0,0,0,0
운수·창고·통신업,통신업,"1,000인 이상",0,0,0,0,0,0,0,0,0,0,0,0,0,0,0,0,0,0,0,0,0,0,0,0,0
임  업,임업,5인 미만,13,1,0,0,0,0,0,0,0,0,0,12,0,0,0,0,0,0,0,0,0,0,0,0,0
임  업,임업,5인 ~ 9인,8,1,1,0,0,0,0,0,0,0,0,3,0,0,0,0,0,0,0,3,0,0,0,0,0
임  업,임업,10인 ~ 19인,0,0,0,0,0,0,0,0,0,0,0,0,0,0,0,0,0,0,0,0,0,0,0,0,0
임  업,임업,20인 ~ 29인,0,0,0,0,0,0,0,0,0,0,0,0,0,0,0,0,0,0,0,0,0,0,0,0,0
임  업,임업,30인 ~ 49인,0,0,0,0,0,0,0,0,0,0,0,0,0,0,0,0,0,0,0,0,0,0,0,0,0
임  업,임업,50인 ~ 99인,0,0,0,0,0,0,0,0,0,0,0,0,0,0,0,0,0,0,0,0,0,0,0,0,0
임  업,임업,100인 ~ 299인,0,0,0,0,0,0,0,0,0,0,0,0,0,0,0,0,0,0,0,0,0,0,0,0,0
임  업,임업,300인 ~ 499인,0,0,0,0,0,0,0,0,0,0,0,0,0,0,0,0,0,0,0,0,0,0,0,0,0
임  업,임업,500인 ~ 999인,0,0,0,0,0,0,0,0,0,0,0,0,0,0,0,0,0,0,0,0,0,0,0,0,0
임  업,임업,"1,000인 이상",0,0,0,0,0,0,0,0,0,0,0,0,0,0,0,0,0,0,0,0,0,0,0,0,0
어  업,어업,5인 미만,0,0,0,0,0,0,0,0,0,0,0,0,0,0,0,0,0,0,0,0,0,0,0,0,0
어  업,어업,5인 ~ 9인,0,0,0,0,0,0,0,0,0,0,0,0,0,0,0,0,0,0,0,0,0,0,0,0,0
어  업,어업,10인 ~ 19인,0,0,0,0,0,0,0,0,0,0,0,0,0,0,0,0,0,0,0,0,0,0,0,0,0
어  업,어업,20인 ~ 29인,0,0,0,0,0,0,0,0,0,0,0,0,0,0,0,0,0,0,0,0,0,0,0,0,0
어  업,어업,30인 ~ 49인,0,0,0,0,0,0,0,0,0,0,0,0,0,0,0,0,0,0,0,0,0,0,0,0,0
어  업,어업,50인 ~ 99인,0,0,0,0,0,0,0,0,0,0,0,0,0,0,0,0,0,0,0,0,0,0,0,0,0
어  업,어업,100인 ~ 299인,0,0,0,0,0,0,0,0,0,0,0,0,0,0,0,0,0,0,0,0,0,0,0,0,0
어  업,어업,300인 ~ 499인,0,0,0,0,0,0,0,0,0,0,0,0,0,0,0,0,0,0,0,0,0,0,0,0,0
어  업,어업,500인 ~ 999인,0,0,0,0,0,0,0,0,0,0,0,0,0,0,0,0,0,0,0,0,0,0,0,0,0
어  업,어업,"1,000인 이상",0,0,0,0,0,0,0,0,0,0,0,0,0,0,0,0,0,0,0,0,0,0,0,0,0
농  업,농업,5인 미만,5,0,0,0,0,0,1,0,0,0,0,2,0,0,0,1,0,0,0,1,0,0,0,0,0
농  업,농업,5인 ~ 9인,2,1,0,0,0,0,0,0,0,0,0,0,0,0,0,0,0,0,0,1,0,0,0,0,0
농  업,농업,10인 ~ 19인,2,0,0,0,0,0,0,0,0,0,0,0,0,0,0,0,0,0,0,2,0,0,0,0,0
농  업,농업,20인 ~ 29인,1,0,0,0,0,0,0,0,0,0,0,0,0,0,0,0,0,0,0,1,0,0,0,0,0
농  업,농업,30인 ~ 49인,0,0,0,0,0,0,0,0,0,0,0,0,0,0,0,0,0,0,0,0,0,0,0,0,0
농  업,농업,50인 ~ 99인,0,0,0,0,0,0,0,0,0,0,0,0,0,0,0,0,0,0,0,0,0,0,0,0,0
농  업,농업,100인 ~ 299인,0,0,0,0,0,0,0,0,0,0,0,0,0,0,0,0,0,0,0,0,0,0,0,0,0
농  업,농업,300인 ~ 499인,0,0,0,0,0,0,0,0,0,0,0,0,0,0,0,0,0,0,0,0,0,0,0,0,0
농  업,농업,500인 ~ 999인,0,0,0,0,0,0,0,0,0,0,0,0,0,0,0,0,0,0,0,0,0,0,0,0,0
농  업,농업,"1,000인 이상",0,0,0,0,0,0,0,0,0,0,0,0,0,0,0,0,0,0,0,0,0,0,0,0,0
기타의사업,시설관리및사업지원서비스업,5인 미만,50,7,7,3,1,0,1,0,1,0,0,0,0,1,0,3,0,0,0,26,0,0,0,0,0
기타의사업,시설관리및사업지원서비스업,5인 ~ 9인,40,5,4,2,1,0,0,0,0,1,0,0,0,0,0,1,0,0,0,26,0,0,0,0,0
기타의사업,시설관리및사업지원서비스업,10인 ~ 19인,32,2,2,1,1,0,2,0,1,0,1,0,0,0,0,1,0,0,0,21,0,0,0,0,0
기타의사업,시설관리및사업지원서비스업,20인 ~ 29인,17,0,1,3,0,0,0,0,0,0,0,2,0,0,0,0,0,0,0,11,0,0,0,0,0
기타의사업,시설관리및사업지원서비스업,30인 ~ 49인,10,0,0,2,1,1,0,0,1,0,0,0,0,0,0,0,0,0,0,5,0,0,0,0,0
기타의사업,시설관리및사업지원서비스업,50인 ~ 99인,9,3,0,0,0,0,0,0,0,0,0,0,0,0,0,0,0,0,0,6,0,0,0,0,0
기타의사업,시설관리및사업지원서비스업,100인 ~ 299인,4,0,0,0,1,0,0,0,0,0,0,0,0,0,0,0,0,0,0,3,0,0,0,0,0
기타의사업,시설관리및사업지원서비스업,300인 ~ 499인,1,0,0,0,0,0,0,0,0,0,0,0,0,0,0,0,0,0,0,1,0,0,0,0,0
기타의사업,시설관리및사업지원서비스업,500인 ~ 999인,1,0,0,0,0,0,0,0,0,0,0,0,0,0,0,0,0,0,0,1,0,0,0,0,0
기타의사업,시설관리및사업지원서비스업,"1,000인 이상",1,0,0,0,0,0,0,0,0,0,0,0,0,0,0,0,0,0,0,1,0,0,0,0,0
기타의사업,기타의각종사업,5인 미만,18,2,0,0,0,0,1,0,0,0,0,0,0,0,0,0,0,0,0,15,0,0,0,0,0
기타의사업,기타의각종사업,5인 ~ 9인,5,0,0,0,0,0,0,0,0,0,0,0,0,1,0,0,0,0,0,4,0,0,0,0,0
기타의사업,기타의각종사업,10인 ~ 19인,3,0,0,0,0,0,0,0,0,0,0,0,0,0,0,0,0,0,0,3,0,0,0,0,0
기타의사업,기타의각종사업,20인 ~ 29인,2,1,0,0,0,0,0,0,0,0,0,0,0,0,0,0,0,0,0,1,0,0,0,0,0
기타의사업,기타의각종사업,30인 ~ 49인,2,0,0,0,0,0,0,0,0,0,0,0,0,0,0,0,0,0,0,2,0,0,0,0,0
기타의사업,기타의각종사업,50인 ~ 99인,1,0,0,0,0,0,0,0,0,0,0,0,0,0,0,0,0,0,0,1,0,0,0,0,0
기타의사업,기타의각종사업,100인 ~ 299인,1,0,0,0,0,0,0,0,0,0,0,0,0,0,0,0,0,0,0,1,0,0,0,0,0
기타의사업,기타의각종사업,300인 ~ 499인,1,0,0,0,0,0,0,0,0,0,0,0,0,0,0,0,0,0,0,1,0,0,0,0,0
기타의사업,기타의각종사업,500인 ~ 999인,1,0,0,0,0,0,0,0,0,0,0,0,0,0,0,0,0,0,0,1,0,0,0,0,0
기타의사업,기타의각종사업,"1,000인 이상",1,1,0,0,0,0,0,0,0,0,0,0,0,0,0,0,0,0,0,0,0,0,0,0,0
기타의사업,해외파견자,5인 미만,0,0,0,0,0,0,0,0,0,0,0,0,0,0,0,0,0,0,0,0,0,0,0,0,0
기타의사업,해외파견자,5인 ~ 9인,2,0,0,0,1,0,0,0,0,0,0,0,0,0,0,0,0,0,0,1,0,0,0,0,0
기타의사업,해외파견자,10인 ~ 19인,0,0,0,0,0,0,0,0,0,0,0,0,0,0,0,0,0,0,0,0,0,0,0,0,0
기타의사업,해외파견자,20인 ~ 29인,0,0,0,0,0,0,0,0,0,0,0,0,0,0,0,0,0,0,0,0,0,0,0,0,0
기타의사업,해외파견자,30인 ~ 49인,0,0,0,0,0,0,0,0,0,0,0,0,0,0,0,0,0,0,0,0,0,0,0,0,0
기타의사업,해외파견자,50인 ~ 99인,1,0,0,0,0,0,0,0,0,0,0,0,0,0,0,0,0,0,0,1,0,0,0,0,0
기타의사업,해외파견자,100인 ~ 299인,1,0,0,0,0,0,0,0,0,0,0,0,0,0,0,0,0,0,0,1,0,0,0,0,0
기타의사업,해외파견자,300인 ~ 499인,0,0,0,0,0,0,0,0,0,0,0,0,0,0,0,0,0,0,0,0,0,0,0,0,0
기타의사업,해외파견자,500인 ~ 999인,0,0,0,0,0,0,0,0,0,0,0,0,0,0,0,0,0,0,0,0,0,0,0,0,0
기타의사업,해외파견자,"1,000인 이상",0,0,0,0,0,0,0,0,0,0,0,0,0,0,0,0,0,0,0,0,0,0,0,0,0
기타의사업,전문·보건·교육·여가관련서비스업,5인 미만,15,1,2,0,0,0,0,0,0,0,0,0,0,1,0,1,0,0,0,10,0,0,0,0,0
기타의사업,전문·보건·교육·여가관련서비스업,5인 ~ 9인,7,0,1,0,0,0,0,0,0,0,0,0,0,0,0,1,0,0,0,5,0,0,0,0,0
기타의사업,전문·보건·교육·여가관련서비스업,10인 ~ 19인,17,3,1,1,0,1,0,0,0,0,0,0,0,1,0,0,0,0,0,10,0,0,0,0,0
기타의사업,전문·보건·교육·여가관련서비스업,20인 ~ 29인,7,1,0,2,0,0,0,0,0,0,0,0,0,0,0,0,0,0,0,4,0,0,0,0,0
기타의사업,전문·보건·교육·여가관련서비스업,30인 ~ 49인,11,1,0,0,0,0,0,0,0,1,0,0,0,0,0,0,0,0,0,9,0,0,0,0,0
기타의사업,전문·보건·교육·여가관련서비스업,50인 ~ 99인,15,2,1,0,1,0,1,0,0,0,0,0,0,0,0,0,1,0,0,9,0,0,0,0,0
기타의사업,전문·보건·교육·여가관련서비스업,100인 ~ 299인,12,0,0,2,0,0,0,0,0,0,0,0,0,0,0,0,0,0,0,10,0,0,0,0,0
기타의사업,전문·보건·교육·여가관련서비스업,300인 ~ 499인,2,1,0,0,0,0,0,0,0,0,0,0,0,0,0,0,0,0,0,1,0,0,0,0,0
기타의사업,전문·보건·교육·여가관련서비스업,500인 ~ 999인,0,0,0,0,0,0,0,0,0,0,0,0,0,0,0,0,0,0,0,0,0,0,0,0,0
기타의사업,전문·보건·교육·여가관련서비스업,"1,000인 이상",8,0,0,0,0,0,0,0,0,0,0,0,0,0,0,2,0,0,0,6,0,0,0,0,0
기타의사업,도소매·음식·숙박업,5인 미만,42,4,4,1,1,0,1,0,1,2,0,2,0,0,0,0,0,0,2,24,0,0,0,0,0
기타의사업,도소매·음식·숙박업,5인 ~ 9인,25,1,1,0,0,0,4,0,0,0,1,0,0,1,0,0,0,0,0,17,0,0,0,0,0
기타의사업,도소매·음식·숙박업,10인 ~ 19인,10,0,0,0,1,0,0,0,0,0,0,0,0,0,0,0,0,0,0,9,0,0,0,0,0
기타의사업,도소매·음식·숙박업,20인 ~ 29인,1,0,0,0,0,0,0,0,0,0,0,0,0,0,0,0,0,0,0,1,0,0,0,0,0
기타의사업,도소매·음식·숙박업,30인 ~ 49인,4,0,0,0,0,0,0,0,0,0,0,0,0,0,0,0,0,0,0,4,0,0,0,0,0
기타의사업,도소매·음식·숙박업,50인 ~ 99인,2,0,0,0,0,0,0,0,0,0,0,0,0,0,0,0,0,0,0,2,0,0,0,0,0
기타의사업,도소매·음식·숙박업,100인 ~ 299인,2,1,0,0,0,0,0,0,0,0,0,0,0,0,0,0,0,0,0,1,0,0,0,0,0
기타의사업,도소매·음식·숙박업,300인 ~ 499인,1,0,0,0,0,0,0,0,0,0,0,0,0,0,0,0,0,0,0,1,0,0,0,0,0
기타의사업,도소매·음식·숙박업,500인 ~ 999인,1,0,0,0,0,0,0,0,0,0,0,0,0,0,0,0,0,0,0,1,0,0,0,0,0
기타의사업,도소매·음식·숙박업,"1,000인 이상",1,0,0,0,0,0,0,0,0,0,0,0,0,0,0,0,0,0,0,1,0,0,0,0,0
기타의사업,부동산업및임대업,5인 미만,1,0,0,0,0,0,0,0,0,0,0,0,0,0,0,0,0,0,0,1,0,0,0,0,0
기타의사업,부동산업및임대업,5인 ~ 9인,0,0,0,0,0,0,0,0,0,0,0,0,0,0,0,0,0,0,0,0,0,0,0,0,0
기타의사업,부동산업및임대업,10인 ~ 19인,0,0,0,0,0,0,0,0,0,0,0,0,0,0,0,0,0,0,0,0,0,0,0,0,0
기타의사업,부동산업및임대업,20인 ~ 29인,0,0,0,0,0,0,0,0,0,0,0,0,0,0,0,0,0,0,0,0,0,0,0,0,0
기타의사업,부동산업및임대업,30인 ~ 49인,0,0,0,0,0,0,0,0,0,0,0,0,0,0,0,0,0,0,0,0,0,0,0,0,0
기타의사업,부동산업및임대업,50인 ~ 99인,0,0,0,0,0,0,0,0,0,0,0,0,0,0,0,0,0,0,0,0,0,0,0,0,0
기타의사업,부동산업및임대업,100인 ~ 299인,0,0,0,0,0,0,0,0,0,0,0,0,0,0,0,0,0,0,0,0,0,0,0,0,0
기타의사업,부동산업및임대업,300인 ~ 499인,0,0,0,0,0,0,0,0,0,0,0,0,0,0,0,0,0,0,0,0,0,0,0,0,0
기타의사업,부동산업및임대업,500인 ~ 999인,0,0,0,0,0,0,0,0,0,0,0,0,0,0,0,0,0,0,0,0,0,0,0,0,0
기타의사업,부동산업및임대업,"1,000인 이상",0,0,0,0,0,0,0,0,0,0,0,0,0,0,0,0,0,0,0,0,0,0,0,0,0
기타의사업,국가및지방자치단체의사업,5인 미만,3,0,0,0,1,0,0,0,0,0,0,0,0,0,0,0,0,0,0,2,0,0,0,0,0
기타의사업,국가및지방자치단체의사업,5인 ~ 9인,2,0,1,0,0,0,0,0,0,0,1,0,0,0,0,0,0,0,0,0,0,0,0,0,0
기타의사업,국가및지방자치단체의사업,10인 ~ 19인,2,0,0,0,0,0,0,0,0,0,0,0,0,0,0,0,0,0,0,2,0,0,0,0,0
기타의사업,국가및지방자치단체의사업,20인 ~ 29인,4,0,0,0,1,0,0,0,0,0,0,0,0,0,0,0,0,0,0,3,0,0,0,0,0
기타의사업,국가및지방자치단체의사업,30인 ~ 49인,5,0,0,0,0,0,0,0,0,0,3,0,0,0,0,0,0,0,0,2,0,0,0,0,0
기타의사업,국가및지방자치단체의사업,50인 ~ 99인,1,1,0,0,0,0,0,0,0,0,0,0,0,0,0,0,0,0,0,0,0,0,0,0,0
기타의사업,국가및지방자치단체의사업,100인 ~ 299인,2,0,0,0,0,0,0,0,0,0,0,0,0,0,0,0,0,0,0,2,0,0,0,0,0
기타의사업,국가및지방자치단체의사업,300인 ~ 499인,1,0,0,0,0,0,0,0,0,0,0,0,0,0,0,0,0,0,0,1,0,0,0,0,0
기타의사업,국가및지방자치단체의사업,500인 ~ 999인,4,0,1,1,0,0,0,0,0,0,0,0,0,0,0,0,0,0,0,1,0,0,1,0,0
기타의사업,국가및지방자치단체의사업,"1,000인 이상",0,0,0,0,0,0,0,0,0,0,0,0,0,0,0,0,0,0,0,0,0,0,0,0,0
기타의사업,주한미군,5인 미만,0,0,0,0,0,0,0,0,0,0,0,0,0,0,0,0,0,0,0,0,0,0,0,0,0
기타의사업,주한미군,5인 ~ 9인,0,0,0,0,0,0,0,0,0,0,0,0,0,0,0,0,0,0,0,0,0,0,0,0,0
기타의사업,주한미군,10인 ~ 19인,0,0,0,0,0,0,0,0,0,0,0,0,0,0,0,0,0,0,0,0,0,0,0,0,0
기타의사업,주한미군,20인 ~ 29인,0,0,0,0,0,0,0,0,0,0,0,0,0,0,0,0,0,0,0,0,0,0,0,0,0
기타의사업,주한미군,30인 ~ 49인,0,0,0,0,0,0,0,0,0,0,0,0,0,0,0,0,0,0,0,0,0,0,0,0,0
기타의사업,주한미군,50인 ~ 99인,0,0,0,0,0,0,0,0,0,0,0,0,0,0,0,0,0,0,0,0,0,0,0,0,0
기타의사업,주한미군,100인 ~ 299인,1,0,0,0,0,0,0,0,0,0,0,0,0,0,0,0,0,0,0,1,0,0,0,0,0
기타의사업,주한미군,300인 ~ 499인,0,0,0,0,0,0,0,0,0,0,0,0,0,0,0,0,0,0,0,0,0,0,0,0,0
기타의사업,주한미군,500인 ~ 999인,0,0,0,0,0,0,0,0,0,0,0,0,0,0,0,0,0,0,0,0,0,0,0,0,0
기타의사업,주한미군,"1,000인 이상",0,0,0,0,0,0,0,0,0,0,0,0,0,0,0,0,0,0,0,0,0,0,0,0,0
